City_ID,City,Lat,Lng,Max Temp,Humidity,Cloudiness,Wind Speed,Country,Date
0,tuktoyaktuk,69.4541,-133.0374,-20.899999999999977,98,100,3.58,CA,1674041437
1,luanda,-8.8368,13.2343,30.0,70,75,1.54,AO,1674041899
2,sistranda,63.7256,8.834,2.980000000000018,68,89,3.14,NO,1674041899
3,ushuaia,-54.8,-68.3,14.810000000000002,63,75,1.03,AR,1674041444
4,general roca,-39.0333,-67.5833,24.29000000000002,54,97,3.38,AR,1674041899
5,jamestown,42.097,-79.2353,2.7900000000000205,75,100,7.2,US,1674041480
6,limbang,4.75,115.0,27.060000000000002,93,98,0.74,MY,1674041900
7,cape town,-33.9258,18.4232,31.180000000000007,59,0,7.2,ZA,1674041436
8,lebu,-37.6167,-73.65,14.840000000000032,78,53,3.28,CL,1674041489
9,norman wells,65.282,-126.8329,-23.97999999999999,77,75,1.03,CA,1674041505
10,cidreira,-30.1811,-50.2056,24.100000000000023,83,84,5.48,BR,1674041467
11,tura,25.5198,90.2201,13.28000000000003,50,0,1.43,IN,1674041514
12,notse,6.95,1.1667,35.910000000000025,25,50,1.44,TG,1674041902
13,bima,-8.4667,118.7167,25.470000000000027,91,75,0.41,ID,1674041902
14,corinto,37.9407,22.9573,20.5,44,10,7.92,GR,1674041903
15,punta arenas,-53.15,-70.9167,15.060000000000002,63,40,4.63,CL,1674041446
16,visnes,59.3556,5.2242,3.230000000000018,80,75,1.54,NO,1674041904
17,tuatapere,-46.1333,167.6833,12.54000000000002,93,62,1.55,NZ,1674041461
18,yingcheng,30.95,113.55,6.1200000000000045,39,9,1.9,CN,1674041904
19,hobart,-42.8794,147.3294,13.920000000000016,65,40,6.69,AU,1674041392
20,rikitea,-23.1203,-134.9692,25.32000000000005,72,20,2.0,PF,1674041435
21,provideniya,64.3833,-173.3,-28.18999999999997,90,2,3.84,RU,1674041514
22,khatanga,71.9667,102.5,-32.059999999999974,99,83,2.25,RU,1674041457
23,tasiilaq,65.6145,-37.6368,-12.909999999999968,71,75,2.7,GL,1674041488
24,canchungo,12.0672,-16.0333,30.07000000000005,10,59,5.58,GW,1674041906
25,ozernovskiy,51.5,156.5167,-9.189999999999998,60,100,10.17,RU,1674041906
26,saskylakh,71.9167,114.0833,-33.069999999999965,100,92,2.6,RU,1674041445
27,bredasdorp,-34.5322,20.0403,28.74000000000001,55,90,4.88,ZA,1674041471
28,haines junction,60.7522,-137.5108,-13.96999999999997,99,82,0.55,CA,1674041562
29,primo tapia,32.22,-116.9172,8.080000000000041,76,33,0.69,MX,1674041907
30,berdigestyakh,62.0989,126.6992,-45.70999999999998,98,100,1.04,RU,1674041907
31,sobolevo,54.4299,31.8996,2.4399999999999977,100,100,8.25,RU,1674041453
32,komsomolskiy,40.4272,71.7189,1.400000000000034,40,0,2.06,UZ,1674041556
33,gamba,-2.65,10.0,28.650000000000034,72,91,3.42,GA,1674041908
34,castro,-24.7911,-50.0119,21.83000000000004,85,98,3.0,BR,1674041470
35,arraial do cabo,-22.9661,-42.0278,26.920000000000016,78,20,6.69,BR,1674041480
36,kahului,20.8947,-156.47,22.129999999999995,88,0,1.54,US,1674041520
37,saldanha,-33.0117,17.9442,22.120000000000005,74,91,3.64,ZA,1674041530
38,alofi,-19.0595,-169.9187,25.939999999999998,94,100,2.57,NU,1674041496
39,srednekolymsk,67.45,153.6833,-42.839999999999975,100,86,1.8,RU,1674041589
40,vaini,-21.2,-175.2,25.090000000000032,94,20,0.51,TO,1674041450
41,atuona,-9.8,-139.0333,25.29000000000002,80,30,9.15,PF,1674041445
42,santa rosalia,27.3167,-112.2833,9.939999999999998,63,1,2.33,MX,1674041910
43,bay roberts,47.5999,-53.2648,6.860000000000014,97,100,4.47,CA,1674041910
44,albany,42.6001,-73.9662,3.6299999999999955,90,98,3.59,US,1674041438
45,bidhuna,26.8022,79.5088,14.590000000000032,41,0,1.42,IN,1674041911
46,lysa hora,48.1706,31.1099,10.390000000000043,86,100,9.71,UA,1674041911
47,ust-koksa,50.2696,85.6108,-17.24999999999997,97,44,0.63,RU,1674041911
48,san quintin,30.4833,-115.95,12.080000000000041,64,65,3.3,MX,1674041911
49,qaanaaq,77.484,-69.3632,-28.95999999999998,91,99,2.17,GL,1674041493
50,saint-philippe,-21.3585,55.7679,28.77000000000004,87,74,6.69,RE,1674041455
51,mahebourg,-20.4081,57.7,28.160000000000025,78,75,9.26,MU,1674041476
52,leeton,-34.5667,146.4,20.5,73,100,6.38,AU,1674041912
53,hovd,48.0056,91.6419,-13.889999999999986,64,11,0.73,MN,1674041913
54,shingu,33.7333,135.9833,4.760000000000048,86,12,3.33,JP,1674041913
55,mopipi,-21.1833,24.8833,30.54000000000002,37,68,3.15,BW,1674041913
56,ust-nera,64.5667,143.2,-36.25999999999999,99,100,2.16,RU,1674041503
57,bathsheba,13.2167,-59.5167,26.340000000000032,69,40,6.69,BB,1674041599
58,pevek,69.7008,170.3133,-38.50999999999999,100,100,2.46,RU,1674041431
59,rimbey,52.6334,-114.2353,-12.649999999999977,94,51,2.22,CA,1674041914
60,maracaibo,10.6317,-71.6406,24.150000000000034,78,44,1.86,VE,1674041914
61,mar del plata,-38.0023,-57.5575,24.49000000000001,95,69,3.6,AR,1674041436
62,bluff,-46.6,168.3333,14.120000000000005,88,39,0.87,NZ,1674041450
63,evensk,61.95,159.2333,-18.869999999999976,74,100,4.51,RU,1674041487
64,klaksvik,62.2266,-6.589,1.5100000000000477,69,94,14.29,FO,1674041464
65,mbuji-mayi,-6.15,23.6,27.840000000000032,61,87,1.95,CD,1674041917
66,north bend,43.4065,-124.2243,11.03000000000003,92,75,3.6,US,1674041917
67,mount gambier,-37.8333,140.7667,13.640000000000043,48,98,5.02,AU,1674041566
68,waingapu,-9.6567,120.2641,26.660000000000025,84,74,1.45,ID,1674041918
69,kapaa,22.0752,-159.319,21.180000000000007,84,100,3.09,US,1674041456
70,palmer,42.1584,-72.3287,5.230000000000018,78,100,0.0,US,1674041918
71,saint-augustin,51.226,-58.6502,-0.049999999999954525,100,100,1.1,CA,1674041918
72,kavieng,-2.5744,150.7967,28.220000000000027,71,99,3.37,PG,1674041498
73,avarua,-21.2078,-159.775,25.03000000000003,94,75,4.63,CK,1674041529
74,pilar,-9.5972,-35.9567,26.960000000000036,69,67,4.46,BR,1674041920
75,mataura,-46.1927,168.8643,12.050000000000011,95,38,0.28,NZ,1674041458
76,poncitlan,20.3667,-102.9167,3.9500000000000455,73,42,0.72,MX,1674041920
77,busselton,-33.65,115.3333,19.310000000000002,58,100,6.32,AU,1674041440
78,jalu,29.0331,21.5482,20.439999999999998,27,0,4.79,LY,1674041545
79,lorengau,-2.0226,147.2712,27.439999999999998,73,99,2.14,PG,1674041921
80,lihula,58.6814,23.8453,3.2700000000000387,85,81,2.64,EE,1674041921
81,mareeba,-17.0,145.4333,22.470000000000027,95,100,0.85,AU,1674041534
82,talnakh,69.4865,88.3972,-29.329999999999984,83,100,3.71,RU,1674041481
83,barrow,71.2906,-156.7887,-21.98999999999998,84,100,9.77,US,1674041451
84,petropavlovsk-kamchatskiy,53.0452,158.6483,-14.669999999999959,47,0,3.0,RU,1674041548
85,lakselv,70.0513,24.9718,-10.099999999999966,85,75,7.72,NO,1674041922
86,muroto,33.2833,134.15,10.400000000000034,61,15,3.62,JP,1674041923
87,ihosy,-22.4,46.1167,27.230000000000018,54,53,6.52,MG,1674041924
88,hilo,19.7297,-155.09,24.600000000000023,89,0,3.09,US,1674041433
89,bilara,26.1792,73.7056,20.220000000000027,19,0,3.47,IN,1674041924
90,adrar,20.5022,-10.0711,23.28000000000003,13,90,5.19,MR,1674041609
91,buala,-8.145,159.5921,26.939999999999998,83,100,4.59,SB,1674041925
92,sao filipe,14.8961,-24.4956,26.060000000000002,55,7,4.06,CV,1674041592
93,pandamatenga,-18.5278,25.627,25.670000000000016,67,96,3.64,BW,1674041925
94,anadyr,64.75,177.4833,-28.71999999999997,76,0,6.0,RU,1674041524
95,namatanai,-3.6667,152.4333,26.879999999999995,78,57,2.75,PG,1674041926
96,jasper,37.2001,-94.3502,9.379999999999995,89,100,2.57,US,1674041926
97,lensk,60.7253,114.9278,-49.349999999999966,100,73,1.07,RU,1674041926
98,bengkulu,-3.8004,102.2655,25.100000000000023,85,100,0.63,ID,1674041440
99,zhangye,38.9342,100.4517,-12.629999999999995,80,6,0.96,CN,1674041927
100,belyy yar,53.6039,91.3903,-15.060000000000002,70,75,0.0,RU,1674041489
101,cherskiy,68.75,161.3,-44.90999999999997,99,74,1.96,RU,1674041499
102,trinidad,-14.8333,-64.9,23.99000000000001,94,75,1.54,BO,1674041928
103,faanui,-16.4833,-151.75,26.600000000000023,75,29,5.25,PF,1674041582
104,oda,35.1833,132.5,4.430000000000007,70,99,4.11,JP,1674041928
105,pangnirtung,66.1451,-65.7125,-21.809999999999974,72,100,1.38,CA,1674041494
106,lakes entrance,-37.8811,147.981,14.53000000000003,80,100,7.13,AU,1674041929
107,suzun,53.7841,82.3116,-17.109999999999957,98,100,2.13,RU,1674041929
108,butaritari,3.0707,172.7902,27.660000000000025,75,37,7.89,KI,1674041447
109,comodoro rivadavia,-45.8667,-67.5,15.920000000000016,94,0,0.0,AR,1674041929
110,greenville,35.6127,-77.3663,10.090000000000032,98,75,0.0,US,1674041929
111,praxedis guerrero,31.3667,-106.0167,4.010000000000048,59,0,5.46,MX,1674041930
112,praia,14.9215,-23.5087,26.30000000000001,57,0,9.77,CV,1674041930
113,moron,-34.6534,-58.6198,24.939999999999998,75,100,4.67,AR,1674041501
114,georgetown,5.4112,100.3354,27.960000000000036,78,20,5.14,MY,1674041237
115,pisco,-13.7,-76.2167,20.57000000000005,94,75,3.09,PE,1674041480
116,ilulissat,69.2167,-51.1,-34.079999999999984,72,1,3.31,GL,1674041448
117,awbari,26.5921,12.7805,23.090000000000032,9,1,3.32,LY,1674041931
118,puerto ayora,-0.7393,-90.3518,23.08000000000004,98,68,2.29,EC,1674041441
119,torbay,47.6666,-52.7314,6.430000000000007,95,75,11.32,CA,1674041499
120,udachnyy,66.4167,112.4,-42.52999999999997,64,100,1.74,RU,1674041558
121,palaikastron,35.2,26.25,17.610000000000014,58,28,9.77,GR,1674041932
122,almeria,37.1667,-2.3333,9.870000000000005,50,9,10.62,ES,1674041932
123,xining,36.6167,101.7667,-12.989999999999952,75,51,0.83,CN,1674041677
124,luwuk,-0.9516,122.7875,25.55000000000001,87,88,1.6,ID,1674041933
125,hithadhoo,-0.6,73.0833,27.590000000000032,63,11,2.64,MV,1674041432
126,port elizabeth,-33.918,25.5701,29.620000000000005,70,20,7.72,ZA,1674041419
127,dunedin,-45.8742,170.5036,16.560000000000002,86,54,1.79,NZ,1674041402
128,faribault,44.295,-93.2688,-3.079999999999984,90,100,0.0,US,1674041935
129,codrington,-38.2667,141.9667,13.189999999999998,60,100,6.4,AU,1674041477
130,longyearbyen,78.2186,15.6401,-13.089999999999975,78,0,3.6,SJ,1674041516
131,dikson,73.5069,80.5464,-24.079999999999984,71,100,4.48,RU,1674041434
132,ponta do sol,32.6667,-17.1,18.400000000000034,53,29,3.42,PT,1674041507
133,salinopolis,-0.6136,-47.3561,23.25,94,100,2.83,BR,1674041935
134,olafsvik,64.8945,-23.7142,-4.729999999999961,72,45,4.54,IS,1674041465
135,scottsbluff,41.8666,-103.6672,-1.3599999999999568,94,100,3.09,US,1674041936
136,upernavik,72.7868,-56.1549,-23.839999999999975,94,100,2.24,GL,1674041490
137,naze,28.3667,129.4833,13.510000000000048,67,97,6.33,JP,1674041520
138,yalutorovsk,56.6536,66.3006,-8.359999999999957,84,60,4.11,RU,1674041937
139,invermere,50.5167,-116.0354,-11.519999999999982,96,93,0.52,CA,1674041937
140,port alfred,-33.5906,26.891,27.32000000000005,81,43,2.24,ZA,1674041284
141,inhambane,-23.865,35.3833,33.99000000000001,59,40,5.14,MZ,1674041937
142,stornoway,58.2093,-6.3865,2.180000000000007,82,40,3.6,GB,1674041938
143,kruisfontein,-34.0033,24.7314,33.06,41,99,6.03,ZA,1674041938
144,hermanus,-34.4187,19.2345,24.410000000000025,71,68,2.83,ZA,1674041476
145,ribeira grande,38.5167,-28.7,15.430000000000007,72,20,2.06,PT,1674041431
146,yellowknife,62.456,-114.3525,-10.70999999999998,85,100,3.6,CA,1674041475
147,pingdu,36.7844,119.9464,-1.7899999999999636,52,0,2.66,CN,1674041939
148,coquimbo,-29.9533,-71.3436,15.850000000000023,88,0,1.03,CL,1674041473
149,souillac,-20.5167,57.5167,28.210000000000036,78,75,9.26,MU,1674041536
150,iqaluit,63.7506,-68.5145,-20.149999999999977,76,100,3.09,CA,1674041555
151,marti,22.9475,-80.9203,16.560000000000002,90,0,3.64,CU,1674041940
152,muscat,23.6139,58.5922,26.010000000000048,61,49,4.24,OM,1674041940
153,pizarro,4.9533,-77.366,23.28000000000003,93,99,3.43,CO,1674041488
154,leningradskiy,69.3833,178.4167,-26.669999999999987,95,100,8.75,RU,1674041436
155,sheridan,44.8333,-106.9173,-0.9399999999999977,83,0,1.54,US,1674041941
156,port hedland,-20.3167,118.5667,29.03000000000003,79,14,5.66,AU,1674041469
157,vestmanna,62.1564,-7.1664,0.5100000000000477,69,75,10.8,FO,1674041516
158,broome,42.2506,-75.833,4.28000000000003,88,100,4.63,US,1674041942
159,shache,38.4167,77.2406,-14.199999999999989,90,80,1.53,CN,1674041543
160,thompson,55.7435,-97.8558,-9.909999999999968,92,100,1.54,CA,1674041468
161,ales,44.1333,4.0833,8.600000000000023,53,60,5.49,FR,1674041942
162,san patricio,28.017,-97.5169,21.060000000000002,86,100,3.73,US,1674041431
163,nanortalik,60.1432,-45.2371,-3.319999999999993,67,100,4.03,GL,1674041433
164,boda,4.3189,17.4695,36.09000000000003,14,71,2.87,CF,1674041943
165,tessalit,20.1986,1.0114,25.450000000000045,11,74,2.55,ML,1674041491
166,egvekinot,66.3167,-179.1667,-28.669999999999987,85,55,4.9,RU,1674041481
167,beringovskiy,63.05,179.3167,-30.629999999999967,93,44,3.91,RU,1674041474
168,bambous virieux,-20.3428,57.7575,28.140000000000043,78,75,9.26,MU,1674041481
169,sitka,57.0531,-135.33,2.9399999999999977,81,100,5.14,US,1674041944
170,new norfolk,-42.7826,147.0587,13.730000000000018,57,46,0.89,AU,1674041455
171,kasongo-lunda,-6.4667,16.8167,31.760000000000048,43,84,0.78,CD,1674041945
172,baringo,0.4667,35.9667,33.93000000000001,12,43,2.85,KE,1674041945
173,rio grande,-32.035,-52.0986,25.060000000000002,68,100,5.97,BR,1674041946
174,brekstad,63.687,9.6654,3.0500000000000114,60,0,8.23,NO,1674041554
175,ikalamavony,-21.15,46.5833,26.340000000000032,56,57,6.94,MG,1674041946
176,sfantu gheorghe,45.8667,25.7833,12.680000000000007,55,90,4.47,RO,1674041947
177,sao joao da barra,-21.6403,-41.0511,27.05000000000001,83,20,4.0,BR,1674041947
178,cockburn town,21.4612,-71.1419,22.980000000000018,56,40,2.06,TC,1674041947
179,hobyo,5.3505,48.5268,26.82000000000005,61,42,9.97,SO,1674041495
180,kushmurun,52.4503,64.6311,-17.45999999999998,78,4,1.94,KZ,1674041948
181,tigil,57.8,158.6667,-19.279999999999973,98,100,1.01,RU,1674041517
182,aitape,-3.1374,142.3475,26.0,86,99,3.33,PG,1674041948
183,ponazyrevo,58.3578,46.3142,-5.060000000000002,86,100,4.29,RU,1674041948
184,ahipara,-35.1667,173.1667,16.879999999999995,92,8,3.04,NZ,1674041949
185,narsaq,60.9167,-46.05,-8.879999999999995,74,100,3.09,GL,1674041481
186,casambalangan,18.3765,122.1274,22.710000000000036,81,89,4.98,PH,1674041949
187,chuy,-33.6971,-53.4616,24.79000000000002,59,3,5.5,UY,1674041454
188,muros,42.7762,-9.0603,9.350000000000023,86,73,10.32,ES,1674041611
189,san ramon,37.7799,-121.978,8.189999999999998,92,0,2.06,US,1674041950
190,tamiahua,21.2667,-97.45,20.879999999999995,95,53,1.94,MX,1674041951
191,brigantine,39.4101,-74.3646,6.110000000000014,96,75,2.57,US,1674041951
192,tezu,27.9167,96.1667,14.810000000000002,63,0,1.79,IN,1674041952
193,kodiak,57.79,-152.4072,-1.2699999999999818,64,0,4.63,US,1674041518
194,havre-saint-pierre,50.2334,-63.5986,1.2000000000000455,100,100,2.06,CA,1674041486
195,airai,-8.9266,125.4092,16.960000000000036,94,93,0.53,TL,1674041549
196,bosaso,11.2842,49.1816,26.99000000000001,74,40,4.12,SO,1674041953
197,matadi,-5.8167,13.45,32.30000000000001,58,73,1.59,CD,1674041953
198,paamiut,61.994,-49.6678,-5.1200000000000045,67,100,2.94,GL,1674041523
199,bethel,41.3712,-73.414,6.060000000000002,71,20,1.54,US,1674041182
200,hofn,64.2539,-15.2082,-2.9899999999999523,59,20,9.26,IS,1674041480
201,kavaratti,10.5669,72.642,26.910000000000025,74,35,3.71,IN,1674041594
202,prince rupert,54.3161,-130.3201,0.8300000000000409,100,100,5.14,CA,1674041954
203,tonantins,-2.8731,-67.8022,23.100000000000023,93,100,1.19,BR,1674041954
204,coahuayana,18.7333,-103.6833,16.260000000000048,80,42,1.58,MX,1674041955
205,totness,5.8833,-56.3167,25.129999999999995,79,91,2.93,SR,1674041955
206,kenora,49.8167,-94.4337,-13.45999999999998,85,75,2.57,CA,1674041956
207,huanren,41.2647,125.3667,-11.75,79,3,2.0,CN,1674041607
208,santa cruz de tenerife,28.4682,-16.2546,21.28000000000003,95,75,6.69,ES,1674041436
209,ouango,4.3133,22.5552,38.210000000000036,15,13,1.22,CF,1674041957
210,moerai,-22.4333,-151.3333,25.25,83,26,5.73,PF,1674041957
211,nikolskoye,59.7035,30.7861,2.1100000000000136,98,100,3.32,RU,1674041500
212,saint george,37.1041,-113.5841,3.57000000000005,76,100,2.57,US,1674041438
213,cessnock,-32.8333,151.35,25.08000000000004,68,56,2.05,AU,1674041959
214,port-gentil,-0.7193,8.7815,29.980000000000018,74,40,4.12,GA,1674041959
215,quimper,48.0,-4.1,6.310000000000002,93,55,3.09,FR,1674041959
216,vangaindrano,-23.35,47.6,28.689999999999998,62,33,4.12,MG,1674041959
217,anchorage,61.2181,-149.9003,-4.6299999999999955,87,0,2.06,US,1674041960
218,rosarito,32.3333,-117.0333,8.950000000000045,73,29,0.64,MX,1674041960
219,esperance,-33.8667,121.9,16.510000000000048,66,36,8.78,AU,1674041586
220,chandpur,29.15,78.2667,15.860000000000014,33,39,2.64,IN,1674041960
221,bonthe,7.5264,-12.505,31.860000000000014,48,8,1.32,SL,1674041474
222,port shepstone,-30.7414,30.455,27.450000000000045,74,16,5.5,ZA,1674041961
223,mandalgovi,45.7625,106.2708,-14.549999999999955,51,100,9.66,MN,1674041961
224,misratah,32.3754,15.0925,20.439999999999998,28,0,9.05,LY,1674041962
225,inhuma,-6.6683,-41.7078,28.52000000000004,50,76,3.05,BR,1674041962
226,moose factory,51.2585,-80.6094,-9.0,86,100,5.66,CA,1674041962
227,richards bay,-28.783,32.0377,35.700000000000045,42,85,7.39,ZA,1674041453
228,kjollefjord,70.9457,27.3465,-0.9699999999999704,63,0,1.54,NO,1674041963
229,rafai,4.95,23.9167,37.58000000000004,14,11,1.72,CF,1674041964
230,huarmey,-10.0681,-78.1522,20.52000000000004,82,77,2.02,PE,1674041964
231,songkhla,6.8333,100.6667,28.03000000000003,83,97,3.86,TH,1674041378
232,campo verde,-20.4167,-54.0667,24.860000000000014,78,100,2.15,BR,1674041964
233,saint-pierre,-21.3393,55.4781,29.390000000000043,70,20,14.4,RE,1674041494
234,east london,-33.0153,27.9116,30.52000000000004,66,0,5.14,ZA,1674041152
235,benxi,41.2886,123.765,-3.819999999999993,59,10,3.25,CN,1674041965
236,teregova,45.15,22.2833,11.660000000000025,68,82,5.18,RO,1674041966
237,caravelas,-17.7125,-39.2481,25.840000000000032,80,11,1.09,BR,1674041966
238,san cristobal,7.7669,-72.225,19.100000000000023,75,33,0.38,VE,1674041522
239,dingle,10.9995,122.6711,24.460000000000036,92,100,3.23,PH,1674041483
240,ouesso,1.6136,16.0517,38.35000000000002,20,70,1.55,CG,1674041966
241,vanimo,-2.6741,141.3028,25.180000000000007,89,94,4.58,PG,1674041967
242,tommot,58.9564,126.2925,-53.97999999999999,100,67,0.29,RU,1674041967
243,dicabisagan,17.0818,122.4157,22.99000000000001,89,100,4.9,PH,1674041968
244,constitucion,-35.3333,-72.4167,17.390000000000043,50,15,0.29,CL,1674041535
245,hervey bay,-25.2986,152.8535,23.560000000000002,72,2,5.92,AU,1674041969
246,maryville,35.7565,-83.9705,11.03000000000003,96,100,0.45,US,1674041969
247,cerrik,41.0317,19.9758,14.75,71,100,4.88,AL,1674041969
248,suwalki,54.1118,22.9309,1.0400000000000205,97,100,4.76,PL,1674041969
249,karimpur,23.9667,88.6167,18.79000000000002,38,0,1.79,IN,1674041970
250,guaca,6.8762,-72.8559,11.600000000000023,85,58,1.31,CO,1674041970
251,siswa bazar,27.15,83.7667,15.350000000000023,49,0,2.49,IN,1674041970
252,perigueux,45.1833,0.7167,4.670000000000016,66,25,1.8,FR,1674041971
253,sao gabriel da cachoeira,-0.1303,-67.0892,21.660000000000025,96,99,0.78,BR,1674041971
254,waipawa,-41.4122,175.5153,12.740000000000009,96,40,1.94,NZ,1674041971
255,tyrma,50.0833,132.1667,-26.69999999999999,92,100,1.28,RU,1674041971
256,pochinki,54.6988,44.8668,-4.96999999999997,91,100,5.15,RU,1674041972
257,haicheng,40.8516,122.7475,-2.109999999999957,57,6,6.26,CN,1674041972
258,ambon,-3.6954,128.1814,28.08000000000004,78,20,2.57,ID,1674041972
259,yining,29.0361,114.5636,5.410000000000025,43,4,0.85,CN,1674041973
260,port moresby,-9.4431,147.1797,26.680000000000007,83,20,5.14,PG,1674041485
261,lata,40.1629,-8.3327,8.930000000000007,81,98,5.05,PT,1674041528
262,te anau,-45.4167,167.7167,13.230000000000018,88,85,1.24,NZ,1674041446
263,pinega,64.7001,43.3936,-9.069999999999993,95,98,3.15,RU,1674041973
264,ayorou,14.7308,0.9174,29.670000000000016,9,2,5.79,NE,1674041974
265,erenhot,43.6475,111.9767,-11.529999999999973,75,23,6.96,CN,1674041481
266,hambantota,6.1241,81.1185,29.189999999999998,74,20,6.17,LK,1674041975
267,hamza,40.4264,71.4956,1.9700000000000273,45,1,1.8,UZ,1674041975
268,brae,60.3964,-1.353,3.8799999999999955,60,96,10.04,GB,1674041975
269,kaitangata,-46.2817,169.8464,13.550000000000011,97,50,1.02,NZ,1674041450
270,fortuna,40.5982,-124.1573,5.520000000000039,94,40,5.14,US,1674041490
271,yumen,40.2833,97.2,-10.519999999999982,66,20,11.89,CN,1674041531
272,goderich,43.7501,-81.7165,3.2800000000000296,87,100,5.66,CA,1674041556
273,lingao,19.9103,109.6859,15.379999999999995,78,100,5.36,CN,1674041976
274,saryozek,44.3583,77.9753,-13.21999999999997,76,0,1.39,KZ,1674041976
275,hauterive,46.0901,3.4459,1.420000000000016,82,98,4.03,FR,1674041977
276,lakatoro,-16.0999,167.4164,26.210000000000036,87,100,5.69,VU,1674041977
277,sibolga,1.7427,98.7792,25.210000000000036,81,100,0.68,ID,1674041978
278,touros,-5.1989,-35.4608,28.730000000000018,65,81,6.35,BR,1674041448
279,kazachka,53.3644,38.0694,-0.01999999999998181,92,100,8.04,RU,1674041978
280,laguna,38.421,-121.4238,5.600000000000023,94,0,0.0,US,1674041526
281,saint anthony,45.0205,-93.218,-1.4699999999999704,90,100,2.06,US,1674041606
282,grand gaube,-20.0064,57.6608,28.220000000000027,77,100,4.02,MU,1674041475
283,saint-francois,46.4154,3.9054,0.6899999999999977,88,75,5.66,FR,1674041484
284,puerto rico,-26.796,-55.024,29.370000000000005,51,0,0.81,AR,1674041980
285,marsa matruh,31.3525,27.2453,19.110000000000014,48,0,4.12,EG,1674041612
286,samarai,-10.6167,150.6667,27.200000000000045,80,99,4.12,PG,1674041980
287,lagoa,39.05,-27.9833,13.180000000000007,69,2,3.8,PT,1674041451
288,geraldton,-28.7667,114.6,25.230000000000018,57,1,9.26,AU,1674041454
289,cabo san lucas,22.8909,-109.9124,19.170000000000016,83,45,4.37,MX,1674041435
290,taseyevo,57.2169,94.8978,-36.25999999999999,100,6,1.3,RU,1674041981
291,mayo,38.8876,-76.5119,8.180000000000007,92,40,2.06,US,1674041981
292,orocue,4.7912,-71.3354,24.27000000000004,65,61,2.39,CO,1674041982
293,gat,31.61,34.7642,21.55000000000001,32,0,3.78,IL,1674041511
294,lompoc,34.6391,-120.4579,5.8799999999999955,89,0,2.57,US,1674041487
295,luohe,33.5717,114.0353,2.480000000000018,43,19,3.39,CN,1674041983
296,bilma,18.6853,12.9164,24.350000000000023,13,1,2.02,NE,1674041500
297,yazman,29.1212,71.7446,19.04000000000002,10,31,3.41,PK,1674041984
298,vaasa,63.096,21.6158,1.0100000000000477,93,75,4.12,FI,1674041984
299,kudahuvadhoo,2.6708,72.8944,27.30000000000001,77,63,4.6,MV,1674041485
300,veraval,20.9,70.3667,23.670000000000016,38,0,3.92,IN,1674041985
301,lavrentiya,65.5833,-171.0,-30.73999999999998,94,34,3.51,RU,1674041589
302,yuzhno-kurilsk,44.0306,145.8556,-4.759999999999991,66,75,10.56,RU,1674041985
303,rapid city,44.0805,-103.231,0.6100000000000136,97,100,1.79,US,1674041985
304,konstantinovka,49.6167,127.9833,-22.45999999999998,99,100,1.78,RU,1674041986
305,puerto escondido,15.85,-97.0667,23.629999999999995,87,40,3.78,MX,1674041986
306,ancud,-41.8697,-73.8203,13.660000000000025,65,86,2.0,CL,1674041582
307,port macquarie,-31.4333,152.9167,21.05000000000001,67,0,6.63,AU,1674041314
308,kuusamo,65.9667,29.1833,-3.9799999999999613,93,100,6.17,FI,1674041986
309,amarpur,25.0333,86.9,16.350000000000023,36,0,2.49,IN,1674041987
310,porto novo,6.4965,2.6036,29.900000000000034,38,47,2.89,BJ,1674041527
311,takaka,-40.85,172.8,16.980000000000018,81,0,1.41,NZ,1674041988
312,sebring,27.4956,-81.4409,12.100000000000023,94,100,1.54,US,1674041988
313,porto belo,-27.1578,-48.5531,27.83000000000004,86,100,2.72,BR,1674041988
314,kodinsk,58.6881,99.1844,-41.99999999999997,100,41,0.46,RU,1674041989
315,ust-tsilma,65.441,52.1498,-14.899999999999977,98,35,1.9,RU,1674041464
316,tiksi,71.6872,128.8694,-32.29999999999998,100,100,1.82,RU,1674041477
317,sangre grande,10.5835,-61.1177,24.54000000000002,77,51,3.95,TT,1674041990
318,hualmay,-11.0964,-77.6139,20.640000000000043,81,90,2.43,PE,1674041991
319,brus laguna,15.75,-84.4833,18.640000000000043,99,58,1.58,HN,1674041991
320,tananger,58.9333,5.6,1.740000000000009,94,75,3.09,NO,1674041991
321,batemans bay,-35.7167,150.1833,20.610000000000014,96,100,5.09,AU,1674041992
322,gnjilane,42.4604,21.4699,10.32000000000005,59,20,4.75,XK,1674041992
323,yunhe,34.0833,119.7167,1.0200000000000387,44,0,1.92,CN,1674041992
324,shymkent,42.3,69.6,-3.669999999999959,46,0,1.0,KZ,1674041993
325,karpathos,35.507,27.2132,18.980000000000018,63,40,12.35,GR,1674041993
326,kiskoros,46.6214,19.2853,8.300000000000011,78,91,5.45,HU,1674041993
327,luderitz,-26.6481,15.1594,23.28000000000003,70,66,5.47,NA,1674041408
328,krasnoselkup,65.7,82.4667,-25.059999999999974,85,100,7.3,RU,1674041994
329,leninskoye,41.7589,69.3864,-8.21999999999997,78,0,1.86,KZ,1674041994
330,maragogi,-9.0122,-35.2225,26.83000000000004,77,66,5.27,BR,1674041567
331,baykit,61.67,96.37,-41.46999999999997,100,23,0.81,RU,1674041995
332,aykhal,66.0,111.5,-42.75999999999999,100,100,2.66,RU,1674041600
333,kibuye,-2.0597,29.3482,21.80000000000001,67,57,2.3,RW,1674041763
334,tshane,-24.0196,21.8684,31.5,29,38,5.38,BW,1674041995
335,boddam,57.4667,-1.7833,2.2100000000000364,63,43,12.73,GB,1674041996
336,ocampo,21.65,-101.5,7.400000000000034,48,69,4.22,MX,1674041996
337,tuy hoa,13.0833,109.3,21.700000000000045,89,100,7.26,VN,1674041400
338,chingola,-12.529,27.8838,20.689999999999998,89,85,3.04,ZM,1674041997
339,hirado,33.3597,129.5531,4.100000000000023,57,86,6.85,JP,1674041219
340,poum,-20.2333,164.0167,24.54000000000002,82,100,6.94,NC,1674041615
341,grindavik,63.8424,-22.4338,-8.739999999999952,67,0,2.57,IS,1674041584
342,menongue,-14.6585,17.691,23.730000000000018,64,100,2.56,AO,1674041998
343,auki,-8.7676,160.7034,24.960000000000036,91,100,2.56,SB,1674041998
344,vardo,70.3705,31.1107,-6.009999999999991,86,0,9.77,NO,1674041509
345,vao,-22.6667,167.4833,24.58000000000004,66,100,9.28,NC,1674041558
346,manggar,-2.8833,108.2667,26.77000000000004,77,100,4.24,ID,1674041999
347,manokwari,-0.8667,134.0833,25.350000000000023,84,100,4.68,ID,1674041999
348,husavik,66.0449,-17.3389,-2.7199999999999704,85,100,6.99,IS,1674041999
349,gourcy,13.2167,-2.35,30.78000000000003,10,2,5.44,BF,1674042000
350,nanchong,30.7951,106.0847,6.7900000000000205,58,78,0.57,CN,1674041839
351,mogadishu,2.0371,45.3438,28.930000000000007,74,0,9.26,SO,1674041457
352,olga,43.7444,135.2892,-13.549999999999955,78,42,1.59,RU,1674042000
353,aswan,24.0934,32.907,22.610000000000014,35,0,3.09,EG,1674042001
354,mbandaka,0.0487,18.2603,33.120000000000005,36,57,1.4,CD,1674042001
355,katobu,-4.9408,122.5276,24.840000000000032,88,82,1.0,ID,1674042001
356,itaiba,-8.9475,-37.4228,27.28000000000003,53,58,4.73,BR,1674042002
357,bongandanga,1.5,21.05,36.860000000000014,23,33,1.9,CD,1674042003
358,la ronge,55.1001,-105.2842,-11.859999999999957,85,100,3.09,CA,1674041532
359,ucluelet,48.9329,-125.5528,7.270000000000039,92,100,0.45,CA,1674042003
360,bandarbeyla,9.4942,50.8122,25.49000000000001,65,62,7.48,SO,1674041458
361,atar,20.5169,-13.0499,24.58000000000004,15,100,5.04,MR,1674041449
362,sandila,27.0833,80.5167,14.460000000000036,40,0,2.14,IN,1674042005
363,kahama,-3.8333,32.6,24.650000000000034,66,91,1.0,TZ,1674042005
364,santa maria,-29.6842,-53.8069,23.610000000000014,83,100,4.63,BR,1674041597
365,isangel,-19.55,169.2667,24.28000000000003,94,100,3.69,VU,1674041432
366,fukue,32.6881,128.8419,8.700000000000045,57,99,7.85,JP,1674042006
367,kalmunai,7.4167,81.8167,25.24000000000001,72,99,5.67,LK,1674042006
368,derzhavinsk,51.1,66.3167,-16.549999999999955,79,45,2.13,KZ,1674042006
369,la asuncion,11.0333,-63.8628,23.850000000000023,100,38,3.6,VE,1674041510
370,halifax,44.6453,-63.5724,2.340000000000032,94,75,3.6,CA,1674042007
371,moshny,49.5147,31.7476,10.300000000000011,81,100,9.27,UA,1674042007
372,aksu,41.1231,80.2644,-14.0,84,1,1.34,CN,1674042009
373,mount isa,-20.7333,139.5,30.870000000000005,42,75,2.57,AU,1674041585
374,bahia blanca,-38.7196,-62.2724,24.390000000000043,51,95,6.67,AR,1674042009
375,wiarton,44.7407,-81.1332,2.4399999999999977,93,100,3.6,CA,1674042010
376,phan thiet,10.9333,108.1,24.03000000000003,76,98,1.46,VN,1674041834
377,tambacounda,13.7539,-13.7586,33.03000000000003,11,0,6.17,SN,1674042010
378,aklavik,68.2191,-135.0107,-26.42999999999998,98,99,2.13,CA,1674041587
379,qiongshan,20.0058,110.3542,13.990000000000009,88,100,3.0,CN,1674042010
380,spornoye,50.8448,37.2913,1.0,89,100,7.53,RU,1674042011
381,noumea,-22.2763,166.4572,26.670000000000016,99,100,6.25,NC,1674041405
382,dong xoai,11.5333,106.9167,24.930000000000007,58,100,4.05,VN,1674041792
383,wahiawa,21.5028,-158.0236,22.180000000000007,86,0,2.06,US,1674042012
384,boueni,-12.9025,45.0761,32.99000000000001,74,93,3.6,YT,1674042013
385,najran,17.4924,44.1277,22.360000000000014,37,56,3.52,SA,1674041811
386,sur,22.5667,59.5289,27.410000000000025,50,1,2.21,OM,1674042013
387,umm kaddadah,13.6017,26.6876,28.370000000000005,11,25,6.14,SD,1674042014
388,havoysund,70.9963,24.6622,-0.8700000000000045,70,100,6.58,NO,1674042014
389,charagua,-19.8,-63.2167,20.760000000000048,63,97,1.2,BO,1674042016
390,esso,55.9333,158.7,-18.47999999999999,98,100,2.86,RU,1674042016
391,liyang,29.7057,118.2862,3.82000000000005,61,0,0.72,CN,1674042016
392,itai,-23.4178,-49.0906,22.900000000000034,82,100,4.42,BR,1674042017
393,dandong,40.1292,124.3947,-5.5,53,24,3.48,CN,1674042017
394,carupano,10.6678,-63.2585,23.460000000000036,87,29,1.87,VE,1674042018
395,sakaiminato,35.55,133.2333,4.990000000000009,87,75,4.63,JP,1674042018
396,denpasar,-8.65,115.2167,27.810000000000002,83,20,5.66,ID,1674041962
397,mildura,-34.2,142.15,20.04000000000002,60,57,8.18,AU,1674042019
398,angoram,-4.0625,144.0661,23.24000000000001,99,100,0.9,PG,1674042020
399,krasnyy chikoy,50.3643,108.7512,-21.109999999999985,88,100,5.41,RU,1674042020
400,agogo,6.8,-1.0819,35.48000000000002,23,48,1.09,GH,1674042020
401,severo-kurilsk,50.6789,156.125,-8.489999999999952,57,100,9.82,RU,1674041484
402,kungurtug,50.5994,97.5228,-24.549999999999983,98,96,1.71,RU,1674041496
403,mardin,37.3131,40.7436,12.590000000000032,36,0,2.06,TR,1674042021
404,avera,33.194,-82.5271,13.730000000000018,95,100,1.88,US,1674042021
405,talas,38.6908,35.5538,12.370000000000005,44,40,0.51,TR,1674042021
406,ushtobe,45.2514,77.9838,-14.009999999999991,84,2,4.8,KZ,1674041576
407,porto feliz,-23.2147,-47.5239,24.77000000000004,74,35,3.2,BR,1674042022
408,spas-demensk,54.4122,34.0226,2.5100000000000477,98,100,6.62,RU,1674042022
409,fairbanks,64.8378,-147.7164,-26.019999999999982,77,0,0.0,US,1674041550
410,lazaro cardenas,17.9583,-102.2,19.32000000000005,90,25,2.18,MX,1674042023
411,lavumisa,-27.31,31.892,37.31,29,97,3.75,SZ,1674042023
412,kholtoson,50.2981,103.3097,-22.309999999999974,96,100,0.95,RU,1674042024
413,sao bernardo,-3.3614,-42.4178,27.200000000000045,73,90,1.65,BR,1674042024
414,broken hill,-31.95,141.4333,21.82000000000005,58,73,9.85,AU,1674042024
415,victoria,22.2855,114.1577,16.810000000000002,66,3,5.81,HK,1674041211
416,zheleznodorozhnyy,55.7503,38.0042,1.2900000000000205,93,100,6.02,RU,1674042025
417,tecoanapa,16.5167,-98.75,23.980000000000018,78,89,3.41,MX,1674042025
418,ocean city,39.2776,-74.5746,6.140000000000043,91,22,1.34,US,1674042025
419,littleton,39.6133,-105.0166,-3.089999999999975,92,100,4.63,US,1674042025
420,svetlogorsk,52.6333,29.7333,6.3700000000000045,94,100,7.15,BY,1674042026
421,balkhash,46.844,74.9804,-10.659999999999968,85,0,7.0,KZ,1674042026
422,teshie,5.5836,-0.1072,31.310000000000002,66,20,2.06,GH,1674042027
423,kawalu,-7.3817,108.2082,23.170000000000016,92,100,0.09,ID,1674042027
424,asau,46.4333,26.4,10.710000000000036,58,33,5.7,RO,1674041542
425,nova soure,-11.2333,-38.4833,28.07000000000005,59,100,3.77,BR,1674042028
426,los llanos de aridane,28.6585,-17.9182,17.860000000000014,75,20,5.66,ES,1674041519
427,yulara,-25.2406,130.9889,30.960000000000036,36,98,8.21,AU,1674042029
428,maues,-3.3836,-57.7186,22.24000000000001,99,100,0.57,BR,1674042030
429,carutapera,-1.195,-46.02,23.860000000000014,93,100,2.15,BR,1674042030
430,gilgit,35.9221,74.3087,-5.159999999999968,54,97,0.88,PK,1674042031
431,japura,-0.3167,102.35,23.430000000000007,95,100,0.91,ID,1674042032
432,taoudenni,22.6783,-3.9836,25.410000000000025,13,63,3.02,ML,1674042032
433,roma,43.2128,-75.4557,4.420000000000016,97,100,3.6,US,1674042032
434,bulle,46.6195,7.0567,0.9000000000000341,93,100,2.44,CH,1674042033
435,meulaboh,4.1363,96.1285,25.200000000000045,81,98,0.58,ID,1674042033
436,wattegama,6.7989,81.4808,24.700000000000045,74,87,4.66,LK,1674042033
437,sinazongwe,-17.2614,27.4618,25.439999999999998,81,100,6.54,ZM,1674042034
438,bela,25.9333,81.9833,14.439999999999998,39,0,1.34,IN,1674042034
439,salalah,17.0151,54.0924,27.05000000000001,57,0,4.12,OM,1674041535
440,xuddur,4.1213,43.8894,32.610000000000014,22,80,7.33,SO,1674042035
441,ramos arizpe,25.55,-100.9667,18.24000000000001,20,77,2.39,MX,1674042035
442,hutchinson,38.0608,-97.9298,4.2900000000000205,94,100,2.57,US,1674042035
443,obertshausen,50.0833,8.85,4.580000000000041,69,100,2.91,DE,1674042035
444,benguela,-12.5763,13.4055,28.210000000000036,64,100,4.21,AO,1674042036
445,vila velha,-20.3297,-40.2925,25.970000000000027,92,40,2.06,BR,1674041495
446,tanout,14.9709,8.8879,26.05000000000001,13,0,5.66,NE,1674042037
447,vila franca do campo,37.7167,-25.4333,13.230000000000018,68,37,3.65,PT,1674041578
448,kyshtovka,56.555,76.6271,-11.519999999999982,86,100,3.78,RU,1674042037
449,namibe,-15.1961,12.1522,26.870000000000005,59,99,3.9,AO,1674041576
450,guerrero negro,27.9769,-114.0611,13.510000000000048,64,45,6.56,MX,1674041539
451,carnarvon,-24.8667,113.6333,26.30000000000001,72,12,7.88,AU,1674041473
452,knysna,-34.0363,23.0471,30.390000000000043,58,92,3.24,ZA,1674042038
453,tornio,65.8481,24.1466,-0.9899999999999523,97,100,5.66,FI,1674042039
454,dongsheng,39.8161,109.9776,-10.439999999999998,60,0,9.76,CN,1674042039
455,yar-sale,66.8333,70.8333,-17.159999999999968,99,99,1.77,RU,1674041552
456,faya,18.3851,42.4509,21.060000000000002,53,9,4.2,SA,1674041567
457,riyadh,24.6877,46.7219,17.08000000000004,42,69,5.36,SA,1674041334
458,buraydah,26.326,43.975,15.25,31,20,3.33,SA,1674041790
459,plant city,28.0186,-82.1129,15.770000000000039,91,0,2.06,US,1674042041
460,trelew,-43.249,-65.3051,25.460000000000036,54,44,6.98,AR,1674042041
461,pavilosta,56.8879,21.1859,-0.049999999999954525,82,98,2.15,LV,1674042041
462,ndele,8.4109,20.6473,36.93000000000001,11,85,2.17,CF,1674042041
463,nishihara,26.1842,127.7558,15.600000000000023,72,75,6.17,JP,1674041572
464,lucapa,-8.4192,20.7447,22.860000000000014,72,93,1.93,AO,1674042042
465,nsanje,-16.92,35.262,28.660000000000025,77,100,1.99,MW,1674042042
466,tautira,-17.7333,-149.15,26.350000000000023,77,17,5.45,PF,1674042042
467,uige,-7.6087,15.0613,26.010000000000048,73,75,2.06,AO,1674042043
468,pacific grove,36.6177,-121.9166,6.480000000000018,91,0,2.57,US,1674041547
469,korem,12.5058,39.5228,17.620000000000005,34,48,3.93,ET,1674042044
470,cordoba,-31.4135,-64.1811,22.879999999999995,82,40,1.54,AR,1674042045
471,kota kinabalu,5.9749,116.0724,24.99000000000001,94,40,2.24,MY,1674042045
472,russell,32.3502,-85.1999,14.600000000000023,100,100,1.54,US,1674041475
473,siuna,13.7332,-84.7773,16.840000000000032,98,4,1.32,NI,1674042046
474,cody,44.5263,-109.0565,-4.859999999999957,68,0,2.24,US,1674042046
475,ulladulla,-35.35,150.4667,19.900000000000034,97,100,3.68,AU,1674042046
476,hamilton,39.1834,-84.5333,5.350000000000023,82,100,4.12,US,1674041456
477,dickinson,29.4608,-95.0513,22.310000000000002,92,100,6.17,US,1674041828
478,lloydminster,53.2835,-110.0016,-7.8799999999999955,93,100,4.12,CA,1674041551
479,emerald,-23.5333,148.1667,23.52000000000004,77,16,5.13,AU,1674041573
480,gazli,40.1333,63.45,-1.3899999999999864,40,4,2.34,UZ,1674042048
481,huangnihe,43.5583,128.0239,-12.769999999999982,79,100,1.83,CN,1674042049
482,rjukan,59.8789,8.5941,-0.8599999999999568,91,100,1.09,NO,1674042049
483,hit,33.6416,42.8251,17.460000000000036,44,0,7.23,IQ,1674042049
484,santa fe,-31.6333,-60.7,26.620000000000005,63,100,0.45,AR,1674042050
485,coihaique,-45.5752,-72.0662,10.970000000000027,76,0,2.57,CL,1674042050
486,poronaysk,49.2167,143.1167,-21.46999999999997,93,83,2.46,RU,1674042051
487,mariental,-24.6333,17.9667,35.420000000000016,18,84,2.04,NA,1674042003
488,jalcocotan,21.4667,-105.1167,13.830000000000041,60,26,1.9,MX,1674042051
489,krapkowice,50.4752,17.9654,1.9399999999999977,98,100,2.81,PL,1674042051
490,carballo,43.213,-8.691,9.370000000000005,76,100,6.06,ES,1674042052
491,benjamin constant,-4.3831,-70.0311,22.07000000000005,94,0,2.57,BR,1674042052
492,manbij,36.5281,37.9549,14.5,59,12,5.19,SY,1674042052
493,chokurdakh,70.6333,147.9167,-38.789999999999964,100,49,1.6,RU,1674041477
494,bonnyville,54.2668,-110.735,-7.3799999999999955,100,67,1.73,CA,1674042053
495,koslan,63.4564,48.8989,-10.529999999999973,97,89,2.14,RU,1674042053
496,iberia,29.9502,-91.7507,19.04000000000002,94,0,3.09,US,1674042054
497,sikonge,-5.6333,32.7667,25.470000000000027,66,93,0.84,TZ,1674042054
498,port lincoln,-34.7333,135.8667,15.590000000000032,66,13,8.78,AU,1674041549
499,cravo norte,6.3017,-70.2041,24.600000000000023,60,73,2.83,CO,1674042054
500,fort nelson,58.8053,-122.7002,-15.029999999999973,94,100,1.03,CA,1674041577
501,paita,-5.0892,-81.1144,20.720000000000027,74,74,4.13,PE,1674042055
502,iskitim,54.6366,83.3045,-11.909999999999968,94,100,3.44,RU,1674042055
503,calamar,10.2511,-74.9146,23.430000000000007,82,6,2.01,CO,1674042055
504,zhigansk,66.7697,123.3711,-50.339999999999975,99,28,1.19,RU,1674041470
505,sindou,10.6667,-5.1667,32.900000000000034,10,7,2.94,BF,1674042056
506,champerico,14.3,-91.9167,22.420000000000016,81,25,2.39,GT,1674042056
507,mananjary,-21.2167,48.3333,27.79000000000002,66,99,3.57,MG,1674042057
508,belmonte,-15.8631,-38.8828,25.700000000000045,81,34,1.36,BR,1674041510
509,stephenville,32.2207,-98.2023,16.07000000000005,88,75,2.68,US,1674041467
510,hilliard,40.0334,-83.1582,4.1200000000000045,87,100,4.12,US,1674042058
511,bonavista,48.6499,-53.1147,3.580000000000041,98,100,6.24,CA,1674042058
512,williams lake,52.1415,-122.1445,2.7600000000000477,75,75,8.23,CA,1674042058
513,baoshan,46.5586,131.4244,-15.579999999999984,91,100,2.9,CN,1674042038
514,mora,11.0461,14.1401,28.52000000000004,18,100,2.6,CM,1674042059
515,namioka,40.7072,140.5894,-1.25,80,75,1.54,JP,1674042059
516,renfrew,55.872,-4.3925,4.75,82,59,4.12,GB,1674042059
517,arcachon,44.5875,-1.0519,5.180000000000007,75,75,3.09,FR,1674041590
518,wewak,-3.5534,143.6268,26.090000000000032,84,100,2.86,PG,1674041536
519,sabang,5.8933,95.3214,26.970000000000027,71,100,6.26,ID,1674042060
520,dolores,-36.3132,-57.6792,26.340000000000032,52,63,6.9,AR,1674042060
521,kuytun,54.3419,101.5036,-29.619999999999976,92,100,3.92,RU,1674042060
522,naantali,60.4674,22.0243,3.230000000000018,87,75,4.63,FI,1674042061
523,lermontovka,47.1453,134.3383,-18.779999999999973,94,94,1.89,RU,1674042062
524,qasigiannguit,68.8193,-51.1922,-32.77999999999997,70,0,3.05,GL,1674042062
525,bubaque,11.2833,-15.8333,25.510000000000048,46,65,1.95,GW,1674042062
526,rincon de la victoria,36.7172,-4.2758,13.0,47,13,9.54,ES,1674042063
527,sampit,-2.5333,112.95,23.900000000000034,95,99,1.61,ID,1674042063
528,mehamn,71.0357,27.8492,-3.0499999999999545,63,0,1.54,NO,1674041557
529,krivosheino,57.3431,83.9261,-13.149999999999977,96,100,2.67,RU,1674041602
530,batagay-alyta,67.8006,130.4114,-40.359999999999985,97,86,2.06,RU,1674042065
531,mackenzie,55.2999,-123.1698,1.1200000000000045,93,100,4.63,CA,1674042065
532,nanlong,31.3533,106.0631,6.430000000000007,50,50,0.45,CN,1674042065
533,yataity del norte,-24.8333,-56.35,29.260000000000048,59,2,1.81,PY,1674042066
534,ilebo,-4.3167,20.5833,28.78000000000003,56,99,1.3,CD,1674042066
535,khuzhir,53.1939,107.3397,-21.319999999999965,68,86,7.75,RU,1674042066
536,yambio,4.5721,28.3955,36.34000000000003,16,92,2.3,SS,1674042067
537,henderson,36.0397,-114.9819,7.510000000000048,41,0,8.23,US,1674042067
538,kutum,14.2,24.6667,25.55000000000001,14,71,2.91,SD,1674042067
